{
  "BAAI/bge-base-en-v1.5|abstract": {
    "p1": 0.5194382667541504,
    "p99": 0.8018358945846558
  }
}
